id;nombre;direccion;telefono;email
1;impressionable preclude;pfft;flight;Ariadna_PuenteVillasenor19@hotmail.com
2;greedily times as;following slime enraged;although;Vicente_CorralGomez@yahoo.com
3;seldom;forenenst a;creak worth amongst;Isabel.AriasAranda@gmail.com
4;availability conservation out;beneath;quirkily;Jose87@hotmail.com
5;sympathetically sturdy gadzooks;obediently pfft beneath;good now;Lola19@yahoo.com
6;after vacantly unimportant;against intrepid fluffy;soft unlike till;Juana42@hotmail.com
7;when eminent;amidst;yuppify limply intermarry;Benjamin_MaldonadoLerma87@hotmail.com
8;mechanically arcade up;and;strategy license wearily;David_OsorioVergara44@yahoo.com
9;unnaturally along swelter;crossly;regarding prioritize access;Margarita32@hotmail.com
10;overproduce the;than gym;retention hourly;Juana50@gmail.com
