id;nombre;apellidos;rut;telefono;email
1;hm;what excluding conversation;unselfish;always square;Samuel_LlamasBueno17@hotmail.com
2;after now;account whether;to never rigidly;whole forenenst;Elsa.ParraResendez11@yahoo.com
3;likely;aside pfft pillbox;throbbing midst mmm;towards;Ramon_SolanoCastro64@hotmail.com
4;lack;wobbly;nor;gee range blah;Lourdes47@gmail.com
5;but;painfully;drat;oh;Magdalena.ChavezLaureano36@hotmail.com
6;where rag acceptable;kindly;pfft hepatitis;impartial advancement;MariaCristina_VillagomezTellez21@gmail.com
7;milestone;vivaciously treble;mockingly ouch underneath;grumpy absentmindedly;Adriana77@gmail.com
8;furthermore including;sternly preheat middle;quizzically;coal whose;JoseLuis83@hotmail.com
9;merrily aha;accidentally;whoa;before out;Rosalia10@hotmail.com
10;brr murky;deficient incandescence prestigious;barring;contravene;Tomas_FloresOquendo@yahoo.com
